Organisation Name,Email,Suburb,Address
Peace Centre,peacecentre@peacecentre.org.za,Mowbray,"3 Rye Rd, Mowbray, Cape Town, 7700"
South African Education and Environment Project (SAEP),rspack@1.6.8,Mowbray,"Unit B15, Waverely Court, 7 Kotzee Rd, Mowbray, Cape Town, 7700"
South African Education and Environment Project (SAEP),core-js-bundle@3.2.1,Mowbray,"Unit B15, Waverely Court, 7 Kotzee Rd, Mowbray, Cape Town, 7700"
Absolute Health Services - Health and Safety Training,sales@absolutehealth.co.za,Mowbray,"Unit 6B, Corner of Winchester &, The Waverley Business Park, Wyecroft Rd, Mowbray, Cape Town, 7925"
Milk Matters,info@milkmatters.org,Mowbray,"Mowbray Maternity Hospital, 12 Hornsey Rd, Mowbray, Cape Town, 7700"
Masthead (Pty) Ltd - Head Office,ctown@masthead.co.za,Mowbray,"Raapenberg Road 1st Floor, Park Terraces,, Golf Park, Mowbray, Cape Town, 7700"
Masthead (Pty) Ltd - Head Office,durban@masthead.co.za,Mowbray,"Raapenberg Road 1st Floor, Park Terraces,, Golf Park, Mowbray, Cape Town, 7700"
Common Ground Church Rondebosch,user@domain.com.,Rondebosch,"23 Milner Rd, Rondebosch, Cape Town, 7701"
Rondebosch Park,events.applications@capetown.gov.za,Rondebosch,"Campground Rd & Sandown Road, Rondebosch, Cape Town, 7701"
Rondebosch Park,info@friendsofrondeboschpark.org.za,Rondebosch,"Campground Rd & Sandown Road, Rondebosch, Cape Town, 7701"
HelloAsia! Rondebosch,info@helloasia.co.za,Rondebosch,"Shop No.1, 14 Main Rd, Rondebosch, Cape Town, 7700"
HelloAsia! Rondebosch,chencihan.barry@gmail.com,Rondebosch,"Shop No.1, 14 Main Rd, Rondebosch, Cape Town, 7700"
HOPE hearing & language opportunities,admin@hope-hear.org,Mowbray,"12 Hornsey Rd, Mowbray, Cape Town, 7700"
Friends of Vista Nova,vistanovapta@mweb.co.za,Rondebosch,"11 Milner Rd, Rondebosch, Cape Town, 7700"
The Children's Hospital Trust,cht@chtrust.org.za,Rondebosch,"1 Milner Service Road Ground Floor, Nurses Home, Rondebosch, Cape Town, 7700"
Via Volunteers,info@viavolunteers.com,Rondebosch,"137 3rd Ave, Rondebosch East, Cape Town, 7780"
Anchor House Of Hope,info@theanchorhouseofhope.org,Mowbray,"90 Durban Rd, Mowbray, Cape Town, 7700"
OpenHeritage,info@openheritage.org.za,Mowbray,"Unit 5, 69 on Main, 73 Main Rd, Mowbray, Cape Town, 7705"
gold Youth Development Agency,info@goldyouth.org,Rondebosch,"22 Station Rd, Rondebosch, Cape Town, 7700"
gold Youth Development Agency,slick-carousel@1.8.1,Rondebosch,"22 Station Rd, Rondebosch, Cape Town, 7700"
CIEE Study Abroad Cape Town,contact@ciee.org,Rondebosch,"45 Main Rd, Rondebosch, Cape Town, 7700"
ChildSafe South Africa,info@childsafe.org.za,Rondebosch,"Klipfontein Rd, Rondebosch, Cape Town, 7700"
Community Media Trust,info@cmt.org.za,Rondebosch,"23 Belmont Rd, Rondebosch, Cape Town, 7700"
Community Media Trust,whistleblower@cmt.org.za,Rondebosch,"23 Belmont Rd, Rondebosch, Cape Town, 7700"
CPOA Avondrust Court,info@cpoa.org.za,Rondebosch,"20 Rouwkoop Rd, Rondebosch, Cape Town, 7700"
6th Rondebosch Scout Group,carol@inprocess.co.za,Rondebosch,"Chess Rd, Rondebosch, Cape Town, 7700"
6th Rondebosch Scout Group,joymerryweather@gmail.com,Rondebosch,"Chess Rd, Rondebosch, Cape Town, 7700"
UCT YMCA Christian Study Centre,jim@uct-y.org,Rondebosch,"29 Stanley Rd, Rondebosch, Cape Town, 7700"
UCT YMCA Christian Study Centre,info@uct-y.org,Rondebosch,"29 Stanley Rd, Rondebosch, Cape Town, 7700"
Kay-Dee Educare Centre Cc,info@kaydee.co.za,Mowbray,"1 Hill Park Ln, Mowbray, Cape Town, 7700"
Learn and Grow Montessori,info@learnandgrowmontessori.org.za,Mowbray,"3 Long St, Mowbray, Cape Town, 7700"
THE CHAPEL LANE ACADEMY,charl@chapellane.co.za,Rondebosch,"88 Campground Rd, Rondebosch, Cape Town, 7700"
Fledglings Educational Playgroup,info@fledglings.co.za,Rondebosch,"10 Kromboom Rd, Rondebosch, Cape Town, 7700"
Twinkles Playschool,erika@twinklesplayschool.co.za,Rondebosch,"20 Rouwkoop Rd, Rondebosch, Cape Town, 7700"
Moms and Tots Rondebosch,info@momsandtots.co.za,Rondebosch,"5 Swanmore Rd, Rondebosch, Cape Town, 7700"
Rondebosch Montessori Pre-School,info@rondeboschmontessori.co.za,Rondebosch,"25 Ranelagh Rd, Rondebosch, Cape Town, 7700"
Learning Unlimited,admin@learningunlimited.co.za,Rondebosch,"30A Tullyallen Rd, Rondebosch, Cape Town, 7700"
Rosedon House,info@wccpa.org.za,Rondebosch,"11 Rosedon Rd, Rondebosch East, Cape Town, 7780"
Alignd,info@alignd.co.za,Mowbray,"17 Kew Rd, Mowbray, Cape Town, 7700"
Africam,info@africam.com,Rondebosch,"West Block, Tannery Park 21, 23 Belmont Rd, Rondebosch, Cape Town, 7700"
Africam,zoomies@africam.com,Rondebosch,"West Block, Tannery Park 21, 23 Belmont Rd, Rondebosch, Cape Town, 7700"
St. Patrick's Catholic Church,chancery@adct.org.za,Mowbray,"17 Langton Rd, Mowbray, Cape Town, 7700"
Mossop Hall,thezimbo@gmail.com,Mowbray,"Corner Roseberry & Cheltenham Road, Mowbray, Cape Town, 7700"
Thicket Road Church of Christ,leadership@thicketroadcoc.co.za,Mowbray,"14 Thicket Rd, Mowbray, Cape Town, 7700"
RedPost Church,shabangujr@gmail.com,Mowbray,"6 Cecil Rd, Mowbray, Cape Town, 7700"
St Michael’s Catholic Church Rondebosch,janine@rjboulle.com,Rondebosch,"Rouwkoop Rd, Rondebosch, Cape Town, 7700"
St Michael’s Catholic Church Rondebosch,deaconlesr@gmail.com,Rondebosch,"Rouwkoop Rd, Rondebosch, Cape Town, 7700"
St Paul's Anglican Church,dpratt@mweb.co.za,Rondebosch,"9 Church St, Rondebosch, Cape Town, 7700"
St Paul's Anglican Church,stpauls@netdial.co.za,Rondebosch,"9 Church St, Rondebosch, Cape Town, 7700"
Memorial Chapel,info@bishops.org.za,Rondebosch,"Campground Road, 65, Rondebosch, Cape Town, 7701"
St. George's Grammar School,info@sggs.co.za,Mowbray,"Richmond Rd, Mowbray, Cape Town, 7705"
St. George's Grammar School,marketing.admissions@sggs.co.za,Mowbray,"Richmond Rd, Mowbray, Cape Town, 7705"
Eduvos Cape Town - Mowbray Campus,jquery@3.7.1,Mowbray,"River Ln, Mowbray, Cape Town, 7700"
Eduvos Cape Town - Mowbray Campus,bootstrap@5.3.0-alpha3,Mowbray,"River Ln, Mowbray, Cape Town, 7700"
Thandokhulu High School,thandokhulu.sec@wcgschools.gov.za,Mowbray,"21 Main Rd, Mowbray, Cape Town, 7700"
St Joseph's Marist College,admin@maristsj.co.za,Rondebosch,"Belmont Rd, Rondebosch, Cape Town, 7700"
Montessori Early Learning Foundation Teacher Training College,admin@elfmontessori.co.za,Mowbray,"55 Main Rd, Mowbray, Cape Town, 7700"
redAcademy,info@redacademy.co.za,Mowbray,"redPanda Place Golf Park, Raapenberg Rd, Mowbray, Cape Town, 7700"
redAcademy,support@redacademy.co.za,Mowbray,"redPanda Place Golf Park, Raapenberg Rd, Mowbray, Cape Town, 7700"
Micklefield School,admin@micklefield.co.za,Rondebosch,"81 Sandown Rd, Rondebosch, Cape Town, 7700"
Micklefield School,marketing@micklefield.co.za,Rondebosch,"81 Sandown Rd, Rondebosch, Cape Town, 7700"
Groote Schuur Primary,toni@gsps.co.za,Rondebosch,"126 Campground Rd, Rondebosch, Cape Town, 7700"
Groote Schuur Primary,sport@gsps.co.za,Rondebosch,"126 Campground Rd, Rondebosch, Cape Town, 7700"
Rosebank Junior School,rosebank.prim@wcgschools.gov.za,Rondebosch,"Moolenberg Rd, Rondebosch, Cape Town, 7700"
Forres Preparatory School,admin@forres.co.za,Rondebosch,"24 Park Rd, Rondebosch, Cape Town, 7700"
Westerford High School,admin@westerford.co.za,Rondebosch,"220 Main Rd cnr Main and Mount Road Entrance in, Mount Rd, Rondebosch, Cape Town, 7700"
Rustenburg Girls' Junior School,admin@rgjs.org.za,Rondebosch,"12 Main Rd, Rondebosch, Cape Town, 7700"
Baxter Theatre Centre,mark.dobson@uct.ac.za,Rondebosch,"Main Rd, Rondebosch, Cape Town, 7700"
Rondebosch Heart Centre,enquiries@rondeboschmc.com,Rondebosch,"85 Klipfontein Rd, Rondebosch, Cape Town, 7700"
CA Cape Doctors Rondebosch,cacdclaremont@gmail.com,Rondebosch,"Belmont Square, Belmont Rd, Rondebosch, Cape Town, 7700"
CA Cape Doctors Rondebosch,reception@capedoctors.co.za,Rondebosch,"Belmont Square, Belmont Rd, Rondebosch, Cape Town, 7700"
The Medical Suite - Dr ZH Nakhwa & Dr S Hamdulay,reception@themedicalsuite.co.za,Rondebosch,"Ste F205, Second Floor, Stonefountain Terrace, Rondebosch Medical Centre, 95 Klipfontein Rd, Rondebosch, Cape Town, 7700"
Rondebosch Health & Wellness Centre - Dr LW Biggs,shorelinehealthza@gmail.com,Rondebosch,"4 Kromboom Rd, Rondebosch, Cape Town, 7700"
Rondebosch Health & Wellness Centre - Dr LW Biggs,rondebosch.health@gmail.com,Rondebosch,"4 Kromboom Rd, Rondebosch, Cape Town, 7700"
Willowmead Medical Centre,info@drroyker.co.za,Rondebosch,"88 Kromboom Road Corner of 3rd Avenue &, Kromboom Rd, Rondebosch East, Cape Town, 7780"
Willowmead Medical Centre,info@willowmead.co.za,Rondebosch,"88 Kromboom Road Corner of 3rd Avenue &, Kromboom Rd, Rondebosch East, Cape Town, 7780"
